source,id,title,authors,year,doi,url,venue,auto_exclude_reason
pubmed,PMID:40568522,,,,,https://pubmed.ncbi.nlm.nih.gov/40568522/,,"no_mv,no_weaning"
pubmed,PMID:40126961,,,,,https://pubmed.ncbi.nlm.nih.gov/40126961/,,"no_mv,no_weaning"
pubmed,PMID:30961594,,,,,https://pubmed.ncbi.nlm.nih.gov/30961594/,,"no_mv,no_weaning"
pubmed,PMID:29643669,,,,,https://pubmed.ncbi.nlm.nih.gov/29643669/,,"no_mv,no_weaning"
pubmed,PMID:28967819,,,,,https://pubmed.ncbi.nlm.nih.gov/28967819/,,"no_mv,no_weaning"
pubmed,PMID:23204145,,,,,https://pubmed.ncbi.nlm.nih.gov/23204145/,,"no_mv,no_weaning"
pubmed,PMID:2796099,,,,,https://pubmed.ncbi.nlm.nih.gov/2796099/,,"no_mv,no_weaning"
openalex,https://openalex.org/W2792492247,Which is Better - A Standalone Ventilation or Perfusion Scan or Combined Imaging to Predict Postoperative FEV<sub>1</sub>in One Seconds in Patients Posted for Lung Surgeries with Borderline Pulmonary Reserve,Padma Subramanyam; Shanmuga Sundaram Palaniswamy,2018,10.4103/ijnm.ijnm_149_17,https://doi.org/10.4103/ijnm.ijnm_149_17,,no_weaning
openalex,https://openalex.org/W3025019304,Reinforcement Learning for Clinical Decision Support in Critical Care: Comprehensive Review,Siqi Liu; Kay Choong See; Kee Yuan Ngiam; Leo Anthony Celi; Xingzhi Sun; Mengling Feng,2020,10.2196/18477,https://doi.org/10.2196/18477,,"no_mv,no_weaning"
openalex,https://openalex.org/W2982580298,Key challenges for delivering clinical impact with artificial intelligence,Christopher Kelly; Alan Karthikesalingam; Mustafa Suleyman; Greg S. Corrado; Dominic King,2019,10.1186/s12916-019-1426-2,https://doi.org/10.1186/s12916-019-1426-2,,"no_mv,no_weaning"
openalex,https://openalex.org/W2910707576,"Artificial intelligence, bias and clinical safety",Robert Challen; Joshua C. Denny; Martin Pitt; Luke Gompels; Thomas L. Edwards; Krasimira Tsaneva‐Atanasova,2019,10.1136/bmjqs-2018-008370,https://doi.org/10.1136/bmjqs-2018-008370,,"no_mv,no_weaning"
openalex,https://openalex.org/W3099098707,A Gentle Introduction to Reinforcement Learning and its Application in Different Fields,Muddasar Naeem; Syed Tahir Hussain Rizvi; Antonio Coronato,2020,10.1109/access.2020.3038605,https://doi.org/10.1109/access.2020.3038605,,"no_mv,no_weaning"
openalex,https://openalex.org/W3130532720,Development and validation of a reinforcement learning algorithm to dynamically optimize mechanical ventilation in critical care,Arne Peine; Ahmed Hallawa; Johannes Bickenbach; Guido Dartmann; Lejla Begic Fazlic; Anke Schmeink; Gerd Ascheid; Christoph Thiemermann; Andreas Schuppert; Ryan Kindle; Leo Anthony Celi; Gernot Marx; Lukas Märtin,2021,10.1038/s41746-021-00388-6,https://doi.org/10.1038/s41746-021-00388-6,,no_weaning
openalex,https://openalex.org/W3173256172,Accessing Artificial Intelligence for Clinical Decision-Making,Chris Giordano; Meghan Brennan; Basma Mohamed; Parisa Rashidi; François Modave; Patrick Tighe,2021,10.3389/fdgth.2021.645232,https://doi.org/10.3389/fdgth.2021.645232,,"no_mv,no_weaning"
openalex,https://openalex.org/W3119850332,Optimal Stopping for Medical Treatment with Predictive Information,Guang Cheng; Jingui Xie; Zhichao Zheng; Haidong Luo; Oon Cheong Ooi,2019,10.2139/ssrn.3397530,https://doi.org/10.2139/ssrn.3397530,,"no_mv,no_weaning"
openalex,https://openalex.org/W4396578875,Using the Past to Inform the Future: How a Classic Respiratory Physiology Equation Informs Computer-Based Simulators and Clinical Decision Support Systems*,Alon Geva; Dennis Daniel; Alireza Akhondi‐Asl,2024,10.1097/pcc.0000000000003484,https://doi.org/10.1097/pcc.0000000000003484,,"no_mv,no_weaning"
openalex,https://openalex.org/W2937671098,Inverse reinforcement learning for intelligent mechanical ventilation and sedative dosing in intensive care units,Chao Yu; Jiming Liu; Hóngyi Zhào,2019,10.1186/s12911-019-0763-6,https://doi.org/10.1186/s12911-019-0763-6,,no_weaning
openalex,https://openalex.org/W2946845352,Defining Admissible Rewards for High Confidence Policy Evaluation,Niranjani Prasad; Barbara E. Engelhardt; Finale Doshi‐Velez,2019,10.48550/arxiv.1905.13167,https://doi.org/10.48550/arxiv.1905.13167,,"no_mv,no_weaning"
openalex,https://openalex.org/W2507162387,Markov Models and Cost Effectiveness Analysis: Applications in Medical Research,Matthieu Komorowski; Jesse D. Raffa,2016,10.1007/978-3-319-43742-2_24,https://doi.org/10.1007/978-3-319-43742-2_24,,"no_mv,no_weaning"
openalex,https://openalex.org/W2094665257,Polyurethane cuffed endotracheal tubes to prevent early postoperative pneumonia after cardiac surgery: A pilot study,Jan Poelaert; Pieter Depuydt; Annick De Wolf; Stijn Van de Velde; Ingrid Herck; Stijn Blot,2008,10.1016/j.jtcvs.2007.08.052,https://doi.org/10.1016/j.jtcvs.2007.08.052,,"no_mv,no_weaning"
openalex,https://openalex.org/W3047919686,A physiological approach to understand the role of respiratory effort in the progression of lung injury in SARS-CoV-2 infection,Pablo Cruces; Jaime Retamal; Daniel E. Hurtado; Benjamín Erranz; Pablo Iturrieta; Carlos González; Franco Díaz,2020,10.1186/s13054-020-03197-7,https://doi.org/10.1186/s13054-020-03197-7,,"no_mv,no_weaning"
openalex,https://openalex.org/W2061513563,Airway pressure release ventilation versus assist-control ventilation: a comparative propensity score and international cohort study,Marco González; Alejandro C. Arroliga; Fernando Frutos–Vivar; Konstantinos Raymondos; Martin Dres; Christian Putensen; Carlos Apezteguía; Javier Hurtado; Pablo Desmery; Vinko Tomicić; José Elizalde; Fekri Abroug; Yaseen M. Arabi; Rui P. Moreno; Antonio Anzueto; Niall D. Ferguson,2010,10.1007/s00134-010-1837-1,https://doi.org/10.1007/s00134-010-1837-1,,no_weaning
openalex,https://openalex.org/W3013693534,The dawn of physiological closed-loop ventilation—a review,Philip von Platen; Anake Pomprapa; Burkhard Lachmann; Steffen Leonhardt,2020,10.1186/s13054-020-2810-1,https://doi.org/10.1186/s13054-020-2810-1,,no_weaning
openalex,https://openalex.org/W3040948586,Supervised-actor-critic reinforcement learning for intelligent mechanical ventilation and sedative dosing in intensive care units,Chao Yu; Guoqi Ren; Yinzhao Dong,2020,10.1186/s12911-020-1120-5,https://doi.org/10.1186/s12911-020-1120-5,,no_weaning
openalex,https://openalex.org/W4362465788,Artificial intelligence for clinical decision support for monitoring patients in cardiovascular ICUs: A systematic review,Sobhan Moazemi; Sahar Vahdati; Jason Li; Sebastian Kalkhoff; L. J. Vallejo Castano; Bastian Dewitz; Roman Bibo; Parisa Sabouniaghdam; M. Samie Tootooni; Ralph A. Bundschuh; Artur Lichtenberg; Hug Aubin; Falko Schmid,2023,10.3389/fmed.2023.1109411,https://doi.org/10.3389/fmed.2023.1109411,,"no_mv,no_weaning"
openalex,https://openalex.org/W2938738219,Artificial Intelligence and Machine Learning in Anesthesiology,Christopher W. Connor,2019,10.1097/aln.0000000000002694,https://doi.org/10.1097/aln.0000000000002694,,"no_mv,no_weaning"
openalex,https://openalex.org/W4382317641,Towards Safe Mechanical Ventilation Treatment Using Deep Offline Reinforcement Learning,Flemming Kondrup; Thomas Jiralerspong; Elaine Lau; Nathan de Lara; Jacob Shkrob; My Duc Tran; Doina Precup; Sumana Basu,2023,10.1609/aaai.v37i13.26862,https://doi.org/10.1609/aaai.v37i13.26862,,no_weaning
openalex,https://openalex.org/W2909153877,Artificial intelligence in the intensive care unit,Christopher A. Lovejoy; Varun Buch; Mahiben Maruthappu,2019,10.1186/s13054-018-2301-9,https://doi.org/10.1186/s13054-018-2301-9,,"no_mv,no_weaning"
openalex,https://openalex.org/W2139870623,Impact of aerobic exercise capacity and procedure-related factors in lung cancer surgery,Marc Licker; J.-M. Schnyder; Jana Frey; John Diaper; Vanessa Cartier; C. Inan; J Róbert; Pierre‐Olivier Bridevaux; Jean‐Marie Tschopp,2010,10.1183/09031936.00069910,https://doi.org/10.1183/09031936.00069910,,"no_mv,no_weaning"
openalex,https://openalex.org/W3121263745,Deep Learning applications for COVID-19,Connor Shorten; Taghi M. Khoshgoftaar; Borko Furht,2021,10.1186/s40537-020-00392-9,https://doi.org/10.1186/s40537-020-00392-9,,"no_mv,no_weaning"
openalex,https://openalex.org/W4214866510,State of the Art of Machine Learning–Enabled Clinical Decision Support in Intensive Care Units: Literature Review,Na Hong; Chun Liu; Jianwei Gao; Lin Han; Fengxiang Chang; Mengchun Gong; Longxiang Su,2022,10.2196/28781,https://doi.org/10.2196/28781,,"no_mv,no_weaning"
openalex,https://openalex.org/W4408846078,Improving Patient-Ventilator Synchrony During Pressure Support Ventilation Based on Reinforcement Learning Algorithm,Liming Hao; Xiaohan Wang; Shuai Ren; Yan Shi; Maolin Cai; Tao Wang; Zujin Luo,2025,10.1109/jbhi.2025.3551670,https://doi.org/10.1109/jbhi.2025.3551670,,no_weaning
openalex,https://openalex.org/W3096640075,COVID-19-associated coagulopathy and disseminated intravascular coagulation,Hidesaku Asakura; Haruhiko Ogawa,2020,10.1007/s12185-020-03029-y,https://doi.org/10.1007/s12185-020-03029-y,,"no_mv,no_weaning"
openalex,https://openalex.org/W3162012886,Reinforcement learning assisted oxygen therapy for COVID-19 patients under intensive care,Hua Zheng; Jiahao Zhu; Wei Xie; Judy Zhong,2021,10.1186/s12911-021-01712-6,https://doi.org/10.1186/s12911-021-01712-6,,"no_mv,no_weaning"
openalex,https://openalex.org/W2013976365,Concept for a study design in patients with severe community-acquired pneumonia: A randomised controlled trial with a novel IGM-enriched immunoglobulin preparation – The CIGMA study,Tobias Welte; R. Phillip Dellinger; Henning Ebelt; Miquel Ferrer; Steven M. Opal; Dorothee E. Schliephake; Andrea Wartenberg‐Demand; Karl Werdan; Kurt Löffler; Antoní Torres,2015,10.1016/j.rmed.2015.03.008,https://doi.org/10.1016/j.rmed.2015.03.008,,"no_mv,no_weaning"
openalex,https://openalex.org/W3133783134,Machine Learning for Mechanical Ventilation Control,Daniel Suo; Cyril Zhang; Paula Gradu; Udaya Ghai; Xinyi Chen; Edgar Minasyan; Naman Agarwal; Karan Singh; Julienne LaChance; Tom J. Zajdel; Manuel Schottdorf; Daniel Cohen; Elad Hazan,2021,10.1101/2021.02.26.21252524,https://doi.org/10.1101/2021.02.26.21252524,,no_weaning
openalex,https://openalex.org/W3162003139,Mechanical Ventilator Parameter Estimation for Lung Health through Machine Learning,Sanjay Sarma Oruganti Venkata; Amie Koenig; Ramana M. Pidaparti,2021,10.3390/bioengineering8050060,https://doi.org/10.3390/bioengineering8050060,,no_weaning
openalex,https://openalex.org/W2905256728,Driving pressure and long-term outcomes in moderate/severe acute respiratory distress syndrome,Carlos Toufen; Roberta Ribeiro De Santis Santiago; Adriana Sayuri Hirota; Alysson R. Carvalho; Susimeire Gomes; Marcelo B. P. Amato; Carlos Roberto Ribeiro de Carvalho,2018,10.1186/s13613-018-0469-4,https://doi.org/10.1186/s13613-018-0469-4,,"no_mv,no_weaning"
openalex,https://openalex.org/W3129685015,Mechanical ventilation strategy for pulmonary rehabilitation based on patient-ventilator interaction,Liming Hao; Xiao Li; Yan Shi; Maolin Cai; Shuai Ren; Fei Xie; YaNa Li; Na Wang; Yixuan Wang; Zujin Luo; Meng Xu,2021,10.1007/s11431-020-1778-8,https://doi.org/10.1007/s11431-020-1778-8,,no_weaning
openalex,https://openalex.org/W2137099311,"Acute and critically ill peripartum cardiomyopathy and 'bridge to' therapeutic options: a single center experience with intra-aortic balloon pump, extra corporeal membrane oxygenation and continuous-flow left ventricular assist devices",Sofie Gevaert; Yves Van Belleghem; Stefaan Bouchez; Ingrid Herck; Filip De Somer; Yasmina De Block; Fiona Tromp; Els Vandecasteele; F Martens; Michel De Pauw,2011,10.1186/cc10098,https://doi.org/10.1186/cc10098,,"no_mv,no_weaning"
openalex,https://openalex.org/W4368363758,A dosing strategy model of deep deterministic policy gradient algorithm for sepsis patients,Tianlai Lin; Xinjue Zhang; Jianbing Gong; Rundong Tan; Weiming Li; Lijun Wang; Yingxia Pan; Xiang Xu; Junhui Gao,2023,10.1186/s12911-023-02175-7,https://doi.org/10.1186/s12911-023-02175-7,,"no_mv,no_weaning"
openalex,https://openalex.org/W4393157669,Reinforcement learning for intensive care medicine: actionable clinical insights from novel approaches to reward shaping and off-policy model evaluation,Luca F. Roggeveen; Ali el Hassouni; Harm‐Jan de Grooth; Armand R. J. Girbes; Mark Hoogendoorn; Paul Elbers,2024,10.1186/s40635-024-00614-x,https://doi.org/10.1186/s40635-024-00614-x,,"no_mv,no_weaning"
openalex,https://openalex.org/W4385810759,Development and validation of a reinforcement learning model for ventilation control during emergence from general anesthesia,Hyeonhoon Lee; Hyun‐Kyu Yoon; Jae-Won Kim; Ji Soo Park; Chang‐Hoon Koo; Dongwook Won; Hyung‐Chul Lee,2023,10.1038/s41746-023-00893-w,https://doi.org/10.1038/s41746-023-00893-w,,no_weaning
openalex,https://openalex.org/W3033472758,Artificial intelligence and computer simulation models in critical illness,Amos Lal; Yuliya Pinevich; Ognjen Gajic; Vitaly Herasevich; Brian W. Pickering,2020,10.5492/wjccm.v9.i2.13,https://doi.org/10.5492/wjccm.v9.i2.13,,"no_mv,no_weaning"
openalex,https://openalex.org/W3134186653,The Use of Mechanical Insufflation-Exsufflation in Invasively Ventilated Critically Ill Adults,Ema Swingwood; Willemke Stilma; Lyvonne N. Tume; Fiona Cramp; Sarah Voss; Jeremy Bewley; George Ntoumenopoulos; Marcus J. Schultz; Wilma Scholte op Reimer; Frederique Paulus; Louise Rose,2022,10.4187/respcare.09704,https://doi.org/10.4187/respcare.09704,,no_weaning
openalex,https://openalex.org/W4367174655,Surface electromyography signal processing and evaluation on respiratory muscles of critically ill patients: A systematic review,Emanuel Fernandes Ferreira da Silva Júnior; Shirley Lima Campos; Wagner Souza Leite; Pedro Vanderlei de Sousa Melo; Rômulo Aquino Coelho Lins; Maria das Graças Rodrigues de Araújo; Marcelo Renato Guerino,2023,10.1371/journal.pone.0284911,https://doi.org/10.1371/journal.pone.0284911,,"no_mv,no_weaning"
openalex,https://openalex.org/W3140623462,Patient-Specific Sedation Management via Deep Reinforcement Learning,Niloufar Eghbali; Tuka Alhanai; Mohammad M. Ghassemi,2021,10.3389/fdgth.2021.608893,https://doi.org/10.3389/fdgth.2021.608893,,"no_mv,no_weaning"
openalex,https://openalex.org/W3021018129,Neurally adjusted ventilatory assist preserves cerebral blood flow velocity in patients recovering from acute brain injury,Gianmaria Cammarota; Federico Verdina; Gianluigi Lauro; Ester Boniolo; Riccardo Tarquini; Antonio Messina; Nello De Vita; Ilaria Sguazzoti; Raffaella Perucca; Françesco Della Corte; Gian Luca Vignazia; Francesca Grossi; Samuele Crudo; Paolo Navalesi; Erminio Santangelo; Rosanna Vaschetto,2020,10.1007/s10877-020-00523-w,https://doi.org/10.1007/s10877-020-00523-w,,no_weaning
openalex,https://openalex.org/W3031208477,Monitoring Big Data During Mechanical Ventilation in the ICU,Craig D Smallwood,2020,10.4187/respcare.07500,https://doi.org/10.4187/respcare.07500,,no_weaning
openalex,https://openalex.org/W4376613087,Artificial Intelligence in Intensive Care Medicine: Toward a ChatGPT/GPT-4 Way?,Yanqiu Lu; Haiyang Wu; Shaoyan Qi; Kunming Cheng,2023,10.1007/s10439-023-03234-w,https://doi.org/10.1007/s10439-023-03234-w,,"no_mv,no_weaning"
openalex,https://openalex.org/W3042777221,Temporal pointwise convolutional networks for length of stay prediction in the intensive care unit,Emma Rocheteau; Pietro Liò; Stephanie Hyland,2021,10.1145/3450439.3451860,https://doi.org/10.1145/3450439.3451860,,"no_mv,no_weaning"
openalex,https://openalex.org/W2044369247,Recovery from a variegate porphyria by a liver transplantation,Nathalie Stojeba; Carole Meyer; C. Jeanpierre; F Perrot; Christine Hirth; Thierry Pottecher; Jean‐Charles Deybach,2004,10.1002/lt.20136,https://doi.org/10.1002/lt.20136,,"no_mv,no_weaning"
openalex,https://openalex.org/W2911766132,Applications of Machine Learning in Decision Analysis for Dose Management for Dofetilide,Andrew Levy; Minakshi Biswas; Rachel Weber; Khaldoun G. Tarakji; Mina K. Chung; Peter A. Noseworthy; Christopher Newton‐Cheh; Michael A. Rosenberg,2019,10.1101/531285,https://doi.org/10.1101/531285,,"no_mv,no_weaning"
openalex,https://openalex.org/W4378576258,Generating synthetic mixed-type longitudinal electronic health records for artificial intelligent applications,Jin Li; Benjamin J. Cairns; Jingsong Li; Tingting Zhu,2023,10.1038/s41746-023-00834-7,https://doi.org/10.1038/s41746-023-00834-7,,"no_mv,no_weaning"
openalex,https://openalex.org/W2093052311,Non-Invasive Pressure Support Ventilation in Major Lung Resection for High Risk Patients: Does It Matter?,Bernhard C. Danner; Wolfgang Koerber; Alexander Emmert; U. Olgemoeller; Hilmar Doerge; Michael Quintel; Carl-P. Criée; Friedrich A. Schoendube,2012,10.4236/ojts.2012.23014,https://doi.org/10.4236/ojts.2012.23014,,no_weaning
openalex,https://openalex.org/W4385818012,Comparison of the timed inspiratory effort index with the T-piece trial as a decision-making tool for extubation: a randomized controlled non-inferiority trial,M.D.P. Godoy; Leonardo Cordeiro de Souza; Arthur Evangelista da Silva Neto; Jocemir Ronaldo Lugon,2023,10.1590/1414-431x2023e12824,https://doi.org/10.1590/1414-431x2023e12824,,no_mv
openalex,https://openalex.org/W3038090994,Randomized Controlled Study Evaluating Efficiency of Low Intensity Transcranial Direct Current Stimulation (tDCS) for Dyspnea Relief in Mechanically Ventilated COVID-19 Patients in ICU: The tDCS-DYSP-COVID Protocol,Éric Azabou; Guillaume Bao; Nicholas Heming; Rania Bounab; Pierre Moine; Sylvain Chevallier; Sylvie Chevret; Matthieu Resche‐Rigon; Shidaps Siami; Tarek Sharshar; Frédéric Lofaso; Djillali Annane,2020,10.3389/fmed.2020.00372,https://doi.org/10.3389/fmed.2020.00372,,no_weaning
openalex,https://openalex.org/W2101634045,Reflex Sympathetic Dystrophy: Model of a Severe Regional Inflammatory Response Syndrome,R. Jan A. Goris,1998,10.1007/s002689900369,https://doi.org/10.1007/s002689900369,,"no_mv,no_weaning"
openalex,https://openalex.org/W3012292446,Defining admissible rewards for high-confidence policy evaluation in batch reinforcement learning,Niranjani Prasad; Barbara E. Engelhardt; Finale Doshi‐Velez,2020,10.1145/3368555.3384450,https://doi.org/10.1145/3368555.3384450,,"no_mv,no_weaning"
openalex,https://openalex.org/W2617881570,Abdominal Binding Improves Neuromuscular Efficiency of the Human Diaphragm during Exercise,Sara J. Abdallah; David Chan; Robin Glicksman; Cassandra T. Mendonca; Yuanming Luo; Jean Bourbeau; Benjamin M. Smith; Dennis Jensen,2017,10.3389/fphys.2017.00345,https://doi.org/10.3389/fphys.2017.00345,,"no_mv,no_weaning"
openalex,https://openalex.org/W2139356475,Skeletonized Internal Thoracic Artery Harvest Improves Prognosis in High-Risk Population After Coronary Artery Bypass Surgery for Good Quality Grafts,Xiang Hu; Qiang Zhao,2011,10.1016/j.athoracsur.2011.03.067,https://doi.org/10.1016/j.athoracsur.2011.03.067,,"no_mv,no_weaning"
openalex,https://openalex.org/W4394915250,Automated Computation of Therapies Using Failure Mode and Effects Analysis in the Medical Domain,Malte Luttermann; Edgar Baake; Juljan Bouchagiar; Benjamin Gebel; Philipp Grüning; Dilini Manikwadura; Franziska Schollemann; Elisa Teifke; Philipp Rostalski; Ralf Möller,2024,10.1007/s13218-023-00810-z,https://doi.org/10.1007/s13218-023-00810-z,,"no_mv,no_weaning"
openalex,https://openalex.org/W4320728511,Identification of Distinct Clinical Phenotypes of Heterogeneous Mechanically Ventilated ICU Patients Using Cluster Analysis,Xuanhui Chen; Jiaxin Li; Guangjian Liu; Xiujuan Chen; Shuai Huang; Huixian Li; Siyi Liu; Dantong Li; Huan Yang; Haiqing Zheng; Lianting Hu; Lingcong Kong; Huazhang Liu; Abdelouahab Bellou; Liming Lei; Huiying Liang,2023,10.3390/jcm12041499,https://doi.org/10.3390/jcm12041499,,no_weaning
openalex,https://openalex.org/W2127646647,Efficacy of intra-operative unilateral diaphragm plication for patients undergoing unilateral phrenicotomy during extended surgery,Toshiteru Tokunaga; Noriyoshi Sawabata; Yoshihisa Kadota; Tomoki Utsumi; Masato Minami; Masayoshi Inoue; Mitsunori Ohta; Meinoshin Okumura,2010,10.1016/j.ejcts.2010.03.012,https://doi.org/10.1016/j.ejcts.2010.03.012,,"no_mv,no_weaning"
openalex,https://openalex.org/W3091990868,Survival of Pregnant Coronavirus Patient on Extracorporeal Membrane Oxygenation,Sharon B. Larson; Sarah N. Watson; Michael Eberlein; Jonathan Simmons; Kevin C. Doerschug; Kimberly K. Leslie,2020,10.1016/j.athoracsur.2020.09.004,https://doi.org/10.1016/j.athoracsur.2020.09.004,,"no_mv,no_weaning"
openalex,https://openalex.org/W4200573108,Is artificial intelligence ready to solve mechanical ventilation? Computer says blow,Dominic C. Marshall; Matthieu Komorowski,2021,10.1016/j.bja.2021.10.050,https://doi.org/10.1016/j.bja.2021.10.050,,no_weaning
openalex,https://openalex.org/W4220804996,ERS International Congress 2021: highlights from the Respiratory Intensive Care Assembly,Aileen Kharat; Carla Ribeiro; Berrin Er; Christoph Fisser; Daniel López‐Padilla; Foteini Chatzivasiloglou; Leo Heunks; Maxime Patout; Rebecca D’Cruz,2022,10.1183/23120541.00016-2022,https://doi.org/10.1183/23120541.00016-2022,,"no_mv,no_weaning"
openalex,https://openalex.org/W4309460601,Toward Evaluating Critical Factors of Extubation Outcome with XCSR-Generated Rules,Po-Hsun Huang; Lian‐Yu Chen; Wei-Chan Chung; Chau‐Chyun Sheu; Tzu‐Chien Hsiao; Jong‐Rung Tsai,2022,10.3390/bioengineering9110701,https://doi.org/10.3390/bioengineering9110701,,no_mv
openalex,https://openalex.org/W4249876164,"Proceedings of Réanimation 2018, the French Intensive Care Society International Congress",E. Arana Nicolás; Bige Naike; Guillaume Dumas; Ait Hafid; Maury Eric; Piton Gaël; C. D. Le Claire; Renaud Loïc; Benoît Cypriani; Hadrien Winiszewski; Gilles Capellier; Guerpillon Brice; Nausicaa Jean; Berlandson Saint Julien; Muszynska Monika; Thiery Guillaume; Allaouchiche Bernard; Misset Benoît; Philippart François; Parlato Mariana; Rouquette Alexandra; Moucadel Virginie; B. Jean-Pierre; Diehl Jean-Luc; Hamzaoui Olfa; Djillali Annane; Journois Didier; Ben Boutieb; Esteve Myriam; Catherine Fitting; Treluyer Jean-Marc; P Alexandre; Minou Adib‐Conquy; Pouly Olivier; Parmentier-Decrucq Erika; Thibault Duburcq; Thieffry Camille; Daniel Mathieu; Julien Poissy; B Sarah; A. A. El Khattate; Myriam Bizrane; N. Madani; Jihane Belayachi; Rédouane Abouqal; Charuel Tessa; Papazian Antoine; Persico Lucille; Aubrey Aurelie; Barougier Anouck; Ehrmann Stephan; Bodet-Contentin Laetitia,2018,10.1186/s13613-017-0345-7,https://doi.org/10.1186/s13613-017-0345-7,,"no_mv,no_weaning"
openalex,https://openalex.org/W4391935969,A Reinforcement Learning Model for Optimal Treatment Strategies in Intensive Care: Assessment of the Role of Cardiorespiratory Features,Cristian Drudi; Maximiliano Mollura; Li-wei H. Lehman; Riccardo Barbieri,2024,10.1109/ojemb.2024.3367236,https://doi.org/10.1109/ojemb.2024.3367236,,"no_mv,no_weaning"
openalex,https://openalex.org/W4405694163,Artificial intelligence in respiratory care,Manjush Karthika; Jithin K. Sreedharan; Madhuragauri Shevade; Chris Sara Mathew; Saumitra Ray,2024,10.3389/fdgth.2024.1502434,https://doi.org/10.3389/fdgth.2024.1502434,,"no_mv,no_weaning"
openalex,https://openalex.org/W2979187051,AI-Assisted Annotator Using Reinforcement Learning,V. Ratna Saripalli; Dibyajyoti Pati; Michael E. Potter; Gopal Avinash; Charles W. Anderson,2020,10.1007/s42979-020-00356-z,https://doi.org/10.1007/s42979-020-00356-z,,"no_mv,no_weaning"
openalex,https://openalex.org/W2105317471,Atypical Radiological Manifestation of Pulmonary Metastatic Calcification,Eun Hae Kang; Eun Sun Kim; Chul Hwan Kim; Soo‐Youn Ham; Yu Whan Oh,2008,10.3348/kjr.2008.9.2.186,https://doi.org/10.3348/kjr.2008.9.2.186,,"no_mv,no_weaning"
openalex,https://openalex.org/W4220706295,AI and Clinical Decision Making: The Limitations and Risks of Computational Reductionism in Bowel Cancer Screening,Saleem Ameen; Ming-Chao Wong; Kwang-Chien Yee; Paul Turner,2022,10.3390/app12073341,https://doi.org/10.3390/app12073341,,"no_mv,no_weaning"
openalex,https://openalex.org/W4292168348,A narrative review of COVID-19-related acute respiratory distress syndrome (CARDS): “typical” or “atypical” ARDS?,Dan Pu; Xiaoqian Zhai; Yuwen Zhou; Yao Xie; Liansha Tang; Liyuan Yin; Hangtian Liu; Lu Li,2022,10.21037/atm-22-3717,https://doi.org/10.21037/atm-22-3717,,"no_mv,no_weaning"
openalex,https://openalex.org/W4286662321,"Proceedings of Reanimation 2021, the French Intensive Care Society International Congress",Grigoris Gerotziafas,2021,10.1186/s13613-021-00862-0,https://doi.org/10.1186/s13613-021-00862-0,,"no_mv,no_weaning"
openalex,https://openalex.org/W3200683458,Artificial intelligence in thoracic surgery: a narrative review,Valentina Bellini; Marina Valente; Paolo Del Rio; Elena Bignami,2021,10.21037/jtd-21-761,https://doi.org/10.21037/jtd-21-761,,"no_mv,no_weaning"
openalex,https://openalex.org/W4406599594,Setting the ventilator with AI support: challenges and perspectives,Sebastian Fritsch; Maurizio Cecconi,2025,10.1007/s00134-024-07778-w,https://doi.org/10.1007/s00134-024-07778-w,,no_weaning
openalex,https://openalex.org/W4283750538,Predicting the need for blood transfusion in intensive care units with reinforcement learning,Yuqing Wang; Yun Zhao; Linda Petzold,2022,10.1145/3535508.3545523,https://doi.org/10.1145/3535508.3545523,,"no_mv,no_weaning"
openalex,https://openalex.org/W3162151154,Supervised Reinforcement Learning with Recurrent Neural Network for\n Dynamic Treatment Recommendation,Lu Wang; Wei Zhang; Xiaofeng He; Zha Hongyuan,2018,10.48550/arxiv.1807.01473,https://doi.org/10.48550/arxiv.1807.01473,,"no_mv,no_weaning"
openalex,https://openalex.org/W2081938866,Neurological outcome in surgically treated patients with incomplete closed traumatic cervical spinal cord injury,Balraj Singhal; Adil Mohammed; J. Samuel; J. Mües; P. Kluger,2008,10.1038/sc.2008.29,https://doi.org/10.1038/sc.2008.29,,"no_mv,no_weaning"
openalex,https://openalex.org/W4385878427,Artificial Intelligence-Based Methods for Precision Cardiovascular Medicine,Farida Mohsen; Balqees Al-Saadi; Nima Abdi; Sulaiman Khan; Zubair Shah,2023,10.3390/jpm13081268,https://doi.org/10.3390/jpm13081268,,"no_mv,no_weaning"
openalex,https://openalex.org/W4393078381,Deep Learning Model Utilization for Mortality Prediction in Mechanically Ventilated ICU Patients,Negin Ashrafi; Yiming Liu; Xin Xu; Yingqi Wang; Zhiyuan Zhao; Maryam Pishgar,2024,10.1101/2024.03.20.24304653,https://doi.org/10.1101/2024.03.20.24304653,,no_weaning
openalex,https://openalex.org/W4323027598,Optimal Fluid and Vasopressor Interventions in Septic ICU Patients Through Reinforcement Learning Model,"Maximiliano Mollura; Cristian Drudi; Li-wei H. Lehman; Riccardo Barbieri""",2022,10.22489/cinc.2022.189,https://doi.org/10.22489/cinc.2022.189,,"no_mv,no_weaning"
openalex,https://openalex.org/W3177664414,"Percutaneous hepatic melphalan perfusion: Single center experience of procedural characteristics, hemodynamic response, complications, and postoperative recovery",Manuel F. Struck; Peter Kliem; Sebastian Ebel; Alice Bauer; Holger Gößmann; Rhea Veelken; Florian van Bömmel; Timm Dennecke; Sebastian N. Stehr; Felix Girrbach,2021,10.1371/journal.pone.0254817,https://doi.org/10.1371/journal.pone.0254817,,"no_mv,no_weaning"
openalex,https://openalex.org/W2976400109,Machine Learning Method for the Management of Acute Kidney Injury: More Than Just Treating Biomarkers Individually,Zhongheng Zhang,2019,10.2217/bmm-2019-0363,https://doi.org/10.2217/bmm-2019-0363,,"no_mv,no_weaning"
openalex,https://openalex.org/W3134800431,Learning to Treat Hypotensive Episodes in Sepsis Patients Using a Counterfactual Reasoning Framework,Russell Jeter; Li-wei H. Lehman; Christopher S. Josef; Supreeth P. Shashikumar; Shamim Nemati,2021,10.1101/2021.03.03.21252863,https://doi.org/10.1101/2021.03.03.21252863,,"no_mv,no_weaning"
openalex,https://openalex.org/W2946522788,Inverse reinforcement learning in contextual MDPs,Stav Belogolovsky; Philip Korsunsky; Shie Mannor; Chen Tessler; Tom Zahavy,2021,10.1007/s10994-021-05984-x,https://doi.org/10.1007/s10994-021-05984-x,,"no_mv,no_weaning"
openalex,https://openalex.org/W2914785860,European Respiratory Society International Congress 2018: Allied Respiratory Professionals’ report of highlighted sessions,Matthew Rutter; Carlos Augusto Camillo; Peter Coss; Andreja Šajnić; Aisling McGowan; Daniël Langer; Jana De Brandt; Christian Osadnik,2019,10.1183/23120541.00182-2018,https://doi.org/10.1183/23120541.00182-2018,,"no_mv,no_weaning"
openalex,https://openalex.org/W4225280565,A Dosing Strategy Model of Deep Deterministic Policy Gradient Algorithm for Sepsis,Tianlai Lin; Xinjue Zhang; Jianbing Gong; Rundong Tan; Xiang Xu; Lijun Wang; Yingxia Pan; junhui Gao,2022,10.21203/rs.3.rs-1391838/v1,https://doi.org/10.21203/rs.3.rs-1391838/v1,,"no_mv,no_weaning"
openalex,https://openalex.org/W3130516342,Reinforcement Learning in Neurocritical and Neurosurgical Care: Principles and Possible Applications,Ying Liu; Nidan Qiao; Yüksel Altınel,2021,10.1155/2021/6657119,https://doi.org/10.1155/2021/6657119,,"no_mv,no_weaning"
openalex,https://openalex.org/W4376871757,Early prediction of MODS interventions in the intensive care unit using machine learning,Chang Liu; Zhenjie Yao; Pengfei Liu; Yanhui Tu; Hu Chen; Haibo Cheng; Lixin Xie; Kun Xiao,2023,10.1186/s40537-023-00719-2,https://doi.org/10.1186/s40537-023-00719-2,,"no_mv,no_weaning"
openalex,https://openalex.org/W4394842638,Data-Driven Knowledge Transfer in Batch Q* Learning,Elynn Chen; Xi Chen; Wenbo Jing,2024,10.2139/ssrn.4787816,https://doi.org/10.2139/ssrn.4787816,,"no_mv,no_weaning"
openalex,https://openalex.org/W3182516808,Two Consecutive Runs of Veno-Venous Extracorporeal Membrane Oxygenation in a Peripartum Patient with COVID-19 Acute Respiratory Distress Syndrome,Nicolò Sella; Tommaso Pettenuzzo; Michele Della Paolera; Giulio Andreatta; Annalisa Boscolo; Alessandro De Cassai; Luisa Muraro; Arianna Peralta; Paolo Persona; Enrico Petranzan; Francesco Zarantonello; Eugenio Serra; Paolo Navalesi,2021,10.1155/2021/2032197,https://doi.org/10.1155/2021/2032197,,"no_mv,no_weaning"
openalex,https://openalex.org/W4305056706,Generating Synthetic Mixed-type Longitudinal Electronic Health Records for Artificial Intelligent Applications,Tingting Zhu; Jin Li; Benjamin J. Cairns; Jingsong Li,2022,10.21203/rs.3.rs-1258744/v2,https://doi.org/10.21203/rs.3.rs-1258744/v2,,"no_mv,no_weaning"
openalex,https://openalex.org/W2135576638,Peri-operative Levosimendan in Patients Undergoing Cardiac Surgery: An Overview of the Evidence,William Y. Shi; Sheila Li; Nicholas Collins; David Cottee; B. Bastian; Allen James; Ross Mejia,2015,10.1016/j.hlc.2015.03.007,https://doi.org/10.1016/j.hlc.2015.03.007,,"no_mv,no_weaning"
openalex,https://openalex.org/W3013971480,Artificial Intelligence in Neuroanesthesiology and Neurocritical Care,Vanitha Rajagopalan; Dilip Kulkarni,2020,10.1055/s-0040-1701954,https://doi.org/10.1055/s-0040-1701954,,"no_mv,no_weaning"
openalex,https://openalex.org/W3087264992,“Artificial intelligence &amp; COVID-19: (bio)ethical aspects of end of life,Oswaldo Jesus Rodrigues da Motta; Eugênio Silva; Rodrigo Siqueira‐Batista,2020,10.1590/1806-9282.66.s2.5,https://doi.org/10.1590/1806-9282.66.s2.5,,"no_mv,no_weaning"
openalex,https://openalex.org/W3104496894,Prediction of Fluid Responsiveness by Stroke Volume Variation in Children Undergoing Fontan Operation,Yu-Nan Song; Huiyan Hou; Jie Bai; Hongbin Gu,2020,10.1155/2020/2595960,https://doi.org/10.1155/2020/2595960,,"no_mv,no_weaning"
openalex,https://openalex.org/W4220805912,Combining Minimally Invasive Surgery With Ultra-Fast-Track Anesthesia in HeartMate 3 Patients: A Pilot Study,Usaama Ahmad; Mohammad Amen Khattab; Gereon Schaelte; Andreas Goetzenich; Ann C Foldenauer; Ajay Moza; Lachmandath Tewarie; Christian Stoppe; Rüdiger Autschbach; Heike Schnoering; Rashad Zayat,2022,10.1161/circheartfailure.121.008358,https://doi.org/10.1161/circheartfailure.121.008358,,"no_mv,no_weaning"
openalex,https://openalex.org/W4392294486,Indian Society of Critical Care Medicine and Indian Association of Palliative Care Expert Consensus and Position Statements for End-of-life and Palliative Care in the Intensive Care Unit,Raj Kumar Mani; Sushma Bhatnagar; Savita Butola; Roop Gursahani; Dhvani Mehta; Srinagesh Simha; Jigeeshu V. Divatia; Arun Kumar; Shiva Kumar Iyer; Jayita Deodhar; Rajani Bhat; Naveen Salins; Raghu S. Thota; R. S. Mathur; Rajam K Iyer; Sudeep Gupta; Priyadarshini Kulkarni; Sangeetha Murugan; Prashant Nasa; Sheila Nainan Myatra,2024,10.5005/jp-journals-10071-24661,https://doi.org/10.5005/jp-journals-10071-24661,,"no_mv,no_weaning"
openalex,https://openalex.org/W3109391179,Data Science Techniques for COVID-19 in Intensive Care Units.,Sergio Muñoz Lezcano; Fernando López; Alberto Corbí,2020,10.9781/ijimai.2020.11.008,https://doi.org/10.9781/ijimai.2020.11.008,,"no_mv,no_weaning"
openalex,https://openalex.org/W4389048137,"The past, current, and future of neonatal intensive care units with artificial intelligence: a systematic review",Elif Keleş; Ulaş Bağcı,2023,10.1038/s41746-023-00941-5,https://doi.org/10.1038/s41746-023-00941-5,,"no_mv,no_weaning"
openalex,https://openalex.org/W4391171545,RMS: A ML-based system for ICU Respiratory Monitoring and Resource Planning,Matthias Hüser; Xinrui Lyu; Martin Faltys; Alizée Pace; David Berger; Marine Hoche; Stephanie L. Hyland; Hugo Yèche; M. Burger; Tobias M. Merz; Gunnar Rätsch,2024,10.1101/2024.01.23.24301516,https://doi.org/10.1101/2024.01.23.24301516,,"no_mv,no_weaning"
openalex,https://openalex.org/W3210909711,The mediterranean diet: Healthy and sustainable dietary pattern in the time of Sars-Cov-2,Carmela Bagnato; Carmela Perfetto; Flora Labanca; Lorenza Caregaro Negrin,2021,10.3233/mnm-200597,https://doi.org/10.3233/mnm-200597,,"no_mv,no_weaning"
openalex,https://openalex.org/W4307573684,Causal inference using observational intensive care unit data: a systematic review and recommendations for future practice,Jim M Smit; Jesse H. Krijthe; Jasper van Bommel; Jeremy A. Labrecque; Matthieu Komorowski; Diederik Gommers; Marcel Reinders; Michel E. van Genderen,2022,10.1101/2022.10.29.22281684,https://doi.org/10.1101/2022.10.29.22281684,,"no_mv,no_weaning"
openalex,https://openalex.org/W4388040838,"The Anti-Oxidative, Anti-Inflammatory, Anti-Apoptotic, and Anti-Necroptotic Role of Zinc in COVID-19 and Sepsis",George Briassoulis; Panagiotis Briassoulis; Stavroula Ilia; Marianna Miliaraki; Efrossini Briassouli,2023,10.3390/antiox12111942,https://doi.org/10.3390/antiox12111942,,"no_mv,no_weaning"
openalex,https://openalex.org/W3195056547,Characteristics of Musculoskeletal Involvement in Pediatric Patients with Disseminated Sepsis in a Tertiary Care Center,Praveen Sodavarapu; Pebam Sudesh; Nirmal Raj Gopinathan; Muralidharan Jayashree; Praveen Kumar; Karthick Rangasamy,2021,10.1007/s43465-021-00488-1,https://doi.org/10.1007/s43465-021-00488-1,,"no_mv,no_weaning"
openalex,https://openalex.org/W4390668402,"Artificial Intelligence-Enhanced Neurocritical Care for Traumatic Brain Injury : Past, Present and Future",Kyung Ah Kim; Hakseung Kim; Eun Jin Ha; Byung Chul Yoon; Dong‐Joo Kim,2024,10.3340/jkns.2023.0195,https://doi.org/10.3340/jkns.2023.0195,,"no_mv,no_weaning"
openalex,https://openalex.org/W4388211377,Prevention of postoperative atrial fibrillation in cardiac surgery: a quality improvement project,Sinead Egan; Coilin Collins‐Smyth; Shruti Chitnis; Jamie Head; Allison Chiu; Gurdip Bhatti; Sean R. McLean,2023,10.1007/s12630-023-02619-8,https://doi.org/10.1007/s12630-023-02619-8,,"no_mv,no_weaning"
openalex,https://openalex.org/W4391995689,Leveraging artificial intelligence to advance implementation science: potential opportunities and cautions,Katy E. Trinkley; Ruopeng An; Anna Maw; Russell E. Glasgow; Ross C. Brownson,2024,10.1186/s13012-024-01346-y,https://doi.org/10.1186/s13012-024-01346-y,,"no_mv,no_weaning"
openalex,https://openalex.org/W3112130740,The Role of Intermediate Respiratory Care Units in Preventing ICU Collapse during the COVID Pandemic,Sarah Heili-Frades; Miguel María del Pilar Carballosa de; Prieto Alba Naya; Ormaechea Itziar Fernández; Blas Farah Ezzine de; Y. López; Hierro Francisco Jos Laso Del; Perez Ainhoa Izquierdo; Choukri Marwan Mohamed; Mayoral Herminia Ortiz; Debek Abdulkader El Hachem; V. Gimenez; Guzman Marcel Jose Rodriguez; Pastor Elena Cabezas; Pablo Mínguez; Fernández Ignacio Mahillo; González Antonio Herrero; Fuente Lorena de la; Hiscock Luis Jiménez; Vizuete Sandra Pelícano; Armenta Rebeca; Venegas María José Checa; Romero Germán Peces Barba,2020,10.23937/2378-3516/1410147,https://doi.org/10.23937/2378-3516/1410147,,"no_mv,no_weaning"
openalex,https://openalex.org/W4220852125,The Epidemiology and Mechanisms of Lifetime Cardiopulmonary Morbidities Associated With Pre-Pregnancy Obesity and Excessive Gestational Weight Gain,Shantanu Rastogi; Deepa Rastogi,2022,10.3389/fcvm.2022.844905,https://doi.org/10.3389/fcvm.2022.844905,,"no_mv,no_weaning"
openalex,https://openalex.org/W2164276525,Myocardial Protection During Aortic Arch Repair in a Piglet Model: Beating Heart Technique Compared With Crystalloid Cardioplegia,Carina Janssen; S. Kellermann; Frank Münch; Ariawan Purbojo; Robert Cesnjevar; André Rüffer,2015,10.1016/j.athoracsur.2015.06.017,https://doi.org/10.1016/j.athoracsur.2015.06.017,,"no_mv,no_weaning"
openalex,https://openalex.org/W4387338559,Evaluating the Human Safety Net: Observational study of Physician Responses to Unsafe AI Recommendations in high-fidelity Simulation,Paul Festor; Myura Nagendran; Anthony Gordon; A. Aldo Faisal; Matthieu Komorowski,2023,10.1101/2023.10.03.23296437,https://doi.org/10.1101/2023.10.03.23296437,,"no_mv,no_weaning"
openalex,https://openalex.org/W2199953190,Dyspnée au cours de l’assistance ventilatoire mécanique,Matthieu Schmidt; Mathieu Raux; Capucine Morélot‐Panzini; Thomas Similowski; Alexandre Demoule,2012,10.1007/s13546-012-0534-1,https://doi.org/10.1007/s13546-012-0534-1,,"no_mv,no_weaning"
openalex,https://openalex.org/W3117816903,Adaptive Closed-Loop Neuromorphic Controller for Use in Respiratory Pacing,Ricardo Siu,2019,10.25148/etd.fidc007813,https://doi.org/10.25148/etd.fidc007813,,"no_mv,no_weaning"
openalex,https://openalex.org/W38391547,Investigations into the removal of blue green algai cells and toxins from drinking water with biological active filters,Maree J. Smith; Gareth Jones; G. R. Shaw; Geoff Eaglesham; M. Moore; I. Tully,2002,10.3390/antibiotics13020162,https://doi.org/10.3390/antibiotics13020162,,"no_mv,no_weaning"
openalex,https://openalex.org/W1979826602,Meperidine to control shivering associated with platelet transfusion reaction,Mark Friedlander; William H. Noble,1989,10.1007/bf03005348,https://doi.org/10.1007/bf03005348,,"no_mv,no_weaning"
openalex,https://openalex.org/W4211157171,24th International Symposium on Infections in the Critically Ill Patient,Antonio Artigas; Jean Carlet; José Garnacho; Michael S. Niederman; Antoní Torres,2019,10.3390/medsci7020023,https://doi.org/10.3390/medsci7020023,,"no_mv,no_weaning"
openalex,https://openalex.org/W4288684347,Pharmacotherapy consideration of thrombolytic medications in COVID-19-associated ARDS,Shahideh Amini; Aysa Rezabakhsh; Javad Hashemi; Fatemeh Saghafi; Hossein Azizi; Antoni Sureda; Solomon Habtemariam; Hamid Reza Khayat Kashani; Zahra Hesari; Adeleh Sahebnasagh,2022,10.1186/s40560-022-00625-4,https://doi.org/10.1186/s40560-022-00625-4,,"no_mv,no_weaning"
openalex,https://openalex.org/W3136047647,A comprehensive EHR timeseries pre-training benchmark,Matthew B. A. McDermott; Bret Nestor; Evan Kim; Wancong Zhang; Anna Goldenberg; Peter Szolovits; Marzyeh Ghassemi,2021,10.1145/3450439.3451877,https://doi.org/10.1145/3450439.3451877,,"no_mv,no_weaning"
openalex,https://openalex.org/W1525299004,Anesthesia for Thoracic Surgical Procedures,January Tsai; Teresa Moon; Shital Vachhani; Javier Lasala; Peter H Norman; Ronaldo Purugg,2013,10.5772/56104,https://doi.org/10.5772/56104,,"no_mv,no_weaning"
openalex,https://openalex.org/W4394756000,Horizon of Healthcare: AI's Evolutionary Journey and Future Implications,Shifan Khanday; Azza shaloob; Fathima maryam muzammil; Hafsah shehzad; Adia rounak Shriya; Saima Khan,2024,10.30574/wjaets.2024.11.2.0118,https://doi.org/10.30574/wjaets.2024.11.2.0118,,"no_mv,no_weaning"
openalex,https://openalex.org/W3080893920,Deep State-Space Generative Model For Correlated Time-to-Event Predictions,Yuan Xue; Denny Zhou; Nan Du; Andrew M. Dai; Zhen Xu; Kun Zhang; Claire Cui,2020,10.1145/3394486.3403206,https://doi.org/10.1145/3394486.3403206,,"no_mv,no_weaning"
openalex,https://openalex.org/W4386881106,Artificial intelligence in anesthesiology,Freja Gheysen; Steffen Rex,2023,10.56126/75.3.21,https://doi.org/10.56126/75.3.21,,"no_mv,no_weaning"
openalex,https://openalex.org/W4409588336,Deep Learning and Reinforcement Learning in Electronic Health Records,Lincoln Bhattarai,2025,10.20944/preprints202504.1076.v1,https://doi.org/10.20944/preprints202504.1076.v1,,"no_mv,no_weaning"
openalex,https://openalex.org/W4287443455,Operations Research &amp; Statistical Learning Methods to Monitor the Progression of Glaucoma and Chronic Diseases,Isaac H. Jones,2021,10.7302/2971,https://doi.org/10.7302/2971,,"no_mv,no_weaning"
openalex,https://openalex.org/W4394969085,"The occurrence mechanism, assessment, and non-pharmacological treatment of dyspnea",Beiyao Gao; Siyuan Wang; Shan Jiang,2024,10.1515/mr-2024-0006,https://doi.org/10.1515/mr-2024-0006,,"no_mv,no_weaning"
openalex,https://openalex.org/W4406238604,Smart Imitator: Learning from Imperfect Clinical Decisions,Dilruk Perera; Siqi Liu; Kay Choong See; Mengling Feng,2024,10.1093/jamia/ocae320,https://doi.org/10.1093/jamia/ocae320,,"no_mv,no_weaning"
openalex,https://openalex.org/W4393991019,APASL clinical practice guidelines on the management of acute kidney injury in acute-on-chronic liver failure,Rakhi Maiwall; Satender Pal Singh; Paolo Angeli; Richard Moreau; Aleksander Krag; Virender Singh; Ashwani K. Singal; S. S. Tan; Prem Puri; Mamun Al Mahtab; George Lau; Qin Ning; Manoj Kumar; Padaki Nagaraja Rao; Dharmesh Kapoor; Subhash Gupta; Ajay Duseja; Manav Wadhawan; Dinesh Jothimani; Sanjiv Saigal; Sunil Taneja; Akash Shukla; P. Puri; Deepak Govil; Gaurav Pande; Kaushal Madan; C. E. Eapen; Jaya Benjamin; Ashok Chowdhury; Shweta Singh; Vaishali Salao; Jin Mo Yang; Saeed Hamid; S. Shalimar; Sanjiv Jasuja; Anand V. Kulkarni; Madund A. Niriella; Harsh Vardhan Tevethia; Vinod Arora; Rajendra Prasad Mathur; Akash Roy; Ankur Jindal; Neeraj Saraf; Nipun Verma; Arka De; Narendra S. Choudhary; Rohit Mehtani; Phool Chand; Omkar S. Rudra; Shiv Kumar Sarin,2024,10.1007/s12072-024-10650-0,https://doi.org/10.1007/s12072-024-10650-0,,"no_mv,no_weaning"
openalex,https://openalex.org/W4321121294,Adjuvant therapies and sepsis from multidrug resistant bacteria: a narrative review,Vincenzo Pota; Francesco Coppolino; Antonella Paladini; F Maglio; Maria Grazia Sacco; Vittoria Iorio; G Mangoni; Fabiana Broccoli; Maurizio Prete; Pasquale Sansone; Maria Beatrice Passavanti; Alfonso Barbarisi; Caterina Aurilio; Maria Caterina Pace,2023,10.22514/sv.2023.011,https://doi.org/10.22514/sv.2023.011,,"no_mv,no_weaning"
openalex,https://openalex.org/W2287049682,Diabetes mellitus in der Koronarchirurgie: Risiken und Chancen,Achim H. Lauruschkat; Jürgen Ennker,2008,10.1007/s00059-008-3114-4,https://doi.org/10.1007/s00059-008-3114-4,,"no_mv,no_weaning"
openalex,https://openalex.org/W4296524096,The development of machine learning in lung surgery: A narrative review,Anas Taha; Dominik Valentin Flury; Bassey Enodien; Stephanie Taha‐Mehlitz; Ralph A. Schmid,2022,10.3389/fsurg.2022.914903,https://doi.org/10.3389/fsurg.2022.914903,,"no_mv,no_weaning"
openalex,https://openalex.org/W4399859641,Explainable text-tabular models for predicting mortality risk in companion animals,J. J. Burton; Sean Farrell; Peter‐John M. Noble; Noura Al Moubayed,2024,10.1038/s41598-024-64551-1,https://doi.org/10.1038/s41598-024-64551-1,,"no_mv,no_weaning"
openalex,https://openalex.org/W3003196369,"Vitamin D‐Resistant Rickets Diagnostics and Treatment Challenges at Muhimbili National Hospital, Tanzania",Evance Godfrey; Fatima Mussa; Parvina Kazahura; Aika Shoo; Helga Naburi; Karim Manji,2020,10.1155/2020/1547170,https://doi.org/10.1155/2020/1547170,,"no_mv,no_weaning"
openalex,https://openalex.org/W4293061560,Development of a Medium Care Unit Using an Inexperienced Respiratory Staff: Lessons Learned During the COVID-19 Pandemic,Olivier Van Hove; Alexis Gillet; Jérôme Tack; Grégory Reychler; Magda Guaterri; Asuncion Allarin; Justine Thomas; Rolando Espinoza Laimito; F. Bonnier; Michelle Norrenberg; Pauline Daniel; Michel Toussaint; Dimitri Leduc; Bruno Bonnechère; Olivier Taton,2022,10.20944/preprints202205.0299.v1,https://doi.org/10.20944/preprints202205.0299.v1,,"no_mv,no_weaning"
openalex,https://openalex.org/W4255040857,Clinical Approach to the Compromised Host with Fever and Pulmonary Infiltrates,Robert H. Rubin; Reginald E. Greene,1994,10.1007/978-1-4615-2490-8_6,https://doi.org/10.1007/978-1-4615-2490-8_6,,"no_mv,no_weaning"
openalex,https://openalex.org/W4413939521,The Evolution and Impact of Reinforcement Learning in Modern Artificial Intelligence,Gurunathan Sabapathy,2025,10.59573/emsj.9(4).2025.75,https://doi.org/10.59573/emsj.9(4).2025.75,,"no_mv,no_weaning"
openalex,https://openalex.org/W4387734897,Learning to Behave,Floris den Hengst,2023,10.5463/thesis.390,https://doi.org/10.5463/thesis.390,,"no_mv,no_weaning"
openalex,https://openalex.org/W3213286425,Computations of State Ventilation and Respiratory Parameters,Quangang Yang,2021,10.1101/2021.11.08.21266078,https://doi.org/10.1101/2021.11.08.21266078,,no_weaning
openalex,https://openalex.org/W3215278157,Hospitalized Children with Critical SARS-CoV-2 Infection Cared for in a Limited Resource Setting: Multicenter Cohort Study,Emmerson C.F. de Fariasa; Jefferson Pedro Piva; Manoel Jaime Castro Pavão Júnior; Susan C.D. Sales; Luciana Maria Passos Pinto do Nascimento; Dalila C.A. Pavão; Valeria T.S. dos Santos; Andressa H.O. Pinheiroa; Marília Cunha Botelho Alves; Mary L.F. M.F. Mello; Patrícia Barbosa de Carvalho; Maria Cleonice Aguiar Justino; Gleice Clemente; Maria Teresa Terreri,2021,10.21203/rs.3.rs-1044154/v1,https://doi.org/10.21203/rs.3.rs-1044154/v1,,"no_mv,no_weaning"
openalex,https://openalex.org/W4386556605,Hundreds Guide Millions: Adaptive Offline Reinforcement Learning with Expert Guidance,Qisen Yang; Shenzhi Wang; Qihang Zhang; Gao Huang; Shiji Song,2023,10.48550/arxiv.2309.01448,https://doi.org/10.48550/arxiv.2309.01448,,"no_mv,no_weaning"
openalex,https://openalex.org/W3013939823,Artificial Intelligence in Neurointensive Care Unit: A Cautious Leap into Future,Parmod K. Bithal,2020,10.1055/s-0040-1701955,https://doi.org/10.1055/s-0040-1701955,,"no_mv,no_weaning"
openalex,https://openalex.org/W4317890317,The data driven intensive care unit,Lucas Martin Fleuren,2023,10.5463/thesis.116,https://doi.org/10.5463/thesis.116,,"no_mv,no_weaning"
openalex,https://openalex.org/W2266410889,A hebbian based rule reduction approach to neuro-fuzzy modeling,Feng Liu,2008,10.32657/10356/13601,https://doi.org/10.32657/10356/13601,,"no_mv,no_weaning"
openalex,https://openalex.org/W4406141844,Predictive Value of Preoperative Peak Oxygen Uptake for Postoperative Pulmonary Complications in Lung Cancer Patients with Chronic Obstructive Pulmonary Disease: A Single-Center Retrospective Cohort Study,Masaya Noguchi; Toshiki Takemoto; Masashi Shiraishi; Ryuji Sugiya; Hiroki Mizusawa; Tamotsu Kimura; Akira Tamaki; Yasuhiro Tsutani; Yuji Higashimoto,2025,10.1159/000543370,https://doi.org/10.1159/000543370,,"no_mv,no_weaning"
openalex,https://openalex.org/W4226360429,Feasibility of Intelligent Drug Control in the Maintenance Phase of General Anesthesia Based on Convolutional Neural Network,Wei Ren; JIAO CHEN; Jin Liu; Zhongliang Fu; Yao Yu; Xiaoqing Chen; Teng Long,2022,10.21203/rs.3.rs-885651/v1,https://doi.org/10.21203/rs.3.rs-885651/v1,,"no_mv,no_weaning"
openalex,https://openalex.org/W4413833892,Game Theoretical AI for Precision Medicine,Siyuan Guo; Dapeng Wu,2025,10.53941/tai.2025.100011,https://doi.org/10.53941/tai.2025.100011,,"no_mv,no_weaning"
openalex,https://openalex.org/W4311500125,Successful management of hemodynamic instability secondary to saddle pulmonary embolism-induced cardiac arrest using VA-ECMO in advanced malignancy with brain metastases,Jianneng Pan; Xiaoyang Zhou; Zhaojun Xu; Bixin Chen,2022,10.1186/s13019-022-02044-w,https://doi.org/10.1186/s13019-022-02044-w,,"no_mv,no_weaning"
openalex,https://openalex.org/W4223638176,A incorporação da classificação internacional de funcionalidade nos instrumentos de avaliação de pacientes em terapia intensiva,Francisco Wesley de Souza Cavalcante; Emanuela Marques Pereira Sales; Gabriela Gomes Alves Bandeira; Romênia Nogueira Cavalcante; Ellys Rhaiara Nunes Rebouças; Juliana Freire Chagas Vinhote; Nataly Gurgel Campos; Jardel Gonçalves de Sousa Almondes,2022,10.25248/reas.e10087.2022,https://doi.org/10.25248/reas.e10087.2022,,"no_mv,no_weaning"
openalex,https://openalex.org/W4200621485,A Clinical Update on Employing Tocilizumab to Fight COVID-19,Nilanjana Dhara; Sumana Saha; Saptarshi Chatterjee,2021,10.5772/intechopen.99785,https://doi.org/10.5772/intechopen.99785,,"no_mv,no_weaning"
openalex,https://openalex.org/W2619757252,Advanced Directives in Primary Care,Kathryn Sondrini,2024,10.7275/10109960,https://doi.org/10.7275/10109960,,"no_mv,no_weaning"
openalex,https://openalex.org/W4206802251,E-book - Pesquisa e Tecnologia: Protagonismo e Inovações,Geísa de Morais Santana; Júlio César Pereira da Silva; Laísa de Morais Santana,2021,10.4322/978-65-995353-4-5,https://doi.org/10.4322/978-65-995353-4-5,,"no_mv,no_weaning"
openalex,https://openalex.org/W1536824026,Alarmas inteligentes en unidades de cuidados intensivos basada en redes neuronales,Jorge Díaz Fernández,1999,10.20868/upm.thesis.664,https://doi.org/10.20868/upm.thesis.664,,"no_mv,no_weaning"
google_scholar,https://ojs.aaai.org/index.php/AAAI/article/view/26862,Towards safe mechanical ventilation treatment using deep offline reinforcement learning,F Kondrup; T Jiralerspong; E Lau; N de Lara,2023,,https://ojs.aaai.org/index.php/AAAI/article/view/26862,,no_weaning
google_scholar,https://ieeexplore.ieee.org/abstract/document/10122152/,Reinforcement learning model for managing noninvasive ventilation switching policy,X Feng; D Wang; Q Pan; M Yan; X Liu,2023,,https://ieeexplore.ieee.org/abstract/document/10122152/,,no_weaning
google_scholar,https://link.springer.com/article/10.1186/s40635-024-00614-x,Reinforcement learning for intensive care medicine: actionable clinical insights from novel approaches to reward shaping and off-policy model evaluation,LF Roggeveen; A Hassouni; HJ de Grooth,2024,,https://link.springer.com/article/10.1186/s40635-024-00614-x,,no_weaning
google_scholar,https://link.springer.com/article/10.1186/s12911-021-01712-6,Reinforcement learning assisted oxygen therapy for COVID-19 patients under intensive care,H Zheng; J Zhu; W Xie; J Zhong,2021,,https://link.springer.com/article/10.1186/s12911-021-01712-6,,no_weaning
google_scholar,https://www.jmir.org/2025/1/e63847/,Optimizing Vital Signs in Patients With Traumatic Brain Injury: Reinforcement Learning Algorithm Development and Validation,H Zhang; M Diao; S Zhang; P Ni; W Zhang; C Wu,2025,,https://www.jmir.org/2025/1/e63847/,,"no_mv,no_weaning"
google_scholar,https://www.sciencedirect.com/science/article/pii/S0952197623019681,Balancing therapeutic effect and safety in ventilator parameter recommendation: An offline reinforcement learning approach,B Zhang; X Qiu; X Tan,2024,,https://www.sciencedirect.com/science/article/pii/S0952197623019681,,no_weaning
google_scholar,https://yunglau.github.io/assets/pdf/DeepVentRLDM.pdf,Deep Conservative Reinforcement Learning for Personalization of Mechanical Ventilation Treatment,F Kondrup; T Jiralerspong; E Lau; N de Lara; J Shkrob,,,https://yunglau.github.io/assets/pdf/DeepVentRLDM.pdf,,no_weaning
google_scholar,https://ieeexplore.ieee.org/abstract/document/10313431/,Reinforcement learning approach to sedation and delirium management in the intensive care unit,N Eghbali; T Alhanai,2023,,https://ieeexplore.ieee.org/abstract/document/10313431/,,no_weaning
google_scholar,Optimization of the sepsis treatment in the ICU using Reinforcement Learning,Optimization of the sepsis treatment in the ICU using Reinforcement Learning,SG Carreira,2022,,,,"no_mv,no_weaning"
google_scholar,https://www.frontiersin.org/journals/digital-health/articles/10.3389/fdgth.2021.608893/full,Patient-specific sedation management via deep reinforcement learning,N Eghbali; T Alhanai; MM Ghassemi,2021,,https://www.frontiersin.org/journals/digital-health/articles/10.3389/fdgth.2021.608893/full,,"no_mv,no_weaning"
google_scholar,https://link.springer.com/article/10.1007/s13755-025-00364-4,K-cql: an arterial blood gas analysis-based deep offline reinforcement learning algorithm for mechanical ventilation treatment,J Xi; S Dong; H Zhou; Y Zhao,2025,,https://link.springer.com/article/10.1007/s13755-025-00364-4,,no_weaning
google_scholar,https://www.nature.com/articles/s41746-022-00708-4,An interpretable RL framework for pre-deployment modeling in ICU hypotension management,K Zhang; H Wang; J Du; B Chu; AR Arévalo,2022,,https://www.nature.com/articles/s41746-022-00708-4,,no_mv
google_scholar,Optimal Stopping for Medical Treatment with Predictive Information: Theory and Application in ICU Mechanical Ventilation,Optimal Stopping for Medical Treatment with Predictive Information: Theory and Application in ICU Mechanical Ventilation,G Cheng; J Xie; Z Zheng,2020,,,,no_weaning
google_scholar,https://journals.lww.com/ccmjournal/fulltext/2024/02000/does_reinforcement_learning_improve_outcomes_for.29.aspx,Does reinforcement learning improve outcomes for critically ill patients? A systematic review and level-of-readiness assessment,M Otten; AR Jagesar; TA Dam; LA Biesheuvel,2024,,https://journals.lww.com/ccmjournal/fulltext/2024/02000/does_reinforcement_learning_improve_outcomes_for.29.aspx,,no_weaning
google_scholar,https://www.sciencedirect.com/science/article/pii/S1746809415000920,Closed-loop control of anesthesia and mean arterial pressure using reinforcement learning,R Padmanabhan; N Meskin; WM Haddad,2015,,https://www.sciencedirect.com/science/article/pii/S1746809415000920,,"no_mv,no_weaning"
google_scholar,深度 Q 學習用於尋找最佳拔管時機,深度 Q 學習用於尋找最佳拔管時機,YH Chien,2022,,,,"no_mv,no_weaning"
google_scholar,MACHINE LEARNING APPROACHES TO OPTIMISE THE MANAGEMENT OF PATIENTS WITH SEPSIS PHD THESIS,MACHINE LEARNING APPROACHES TO OPTIMISE THE MANAGEMENT OF PATIENTS WITH SEPSIS PHD THESIS,M Komorowski,,,,,"no_mv,no_weaning"
google_scholar,https://arxiv.org/abs/2508.21101,Beyond Prediction: Reinforcement Learning as the Defining Leap in Healthcare AI,D Perera; G Habib; Q Xu; DJ Tan; K He,2025,,https://arxiv.org/abs/2508.21101,,"no_mv,no_weaning"
google_scholar,https://journals.plos.org/plosone/article?id=10.1371/journal.pone.0299653,"Machine learning algorithm for ventilator mode selection, pressure and volume control",T Anitha; G Gopu; P Arun Mozhi Devan,2024,,https://journals.plos.org/plosone/article?id=10.1371/journal.pone.0299653,,no_weaning
google_scholar,https://mehesjournal.com/index.php/pub/article/view/56,Evaluation of the Weaning Process in Patients Undergoing VA-ECMO Using Artificial Intelligence Based Approaches,GÇ Korhan,2025,,https://mehesjournal.com/index.php/pub/article/view/56,,no_mv
google_scholar,Satisficing Measure for Extubation Decision Analytics,Satisficing Measure for Extubation Decision Analytics,Z Lou; M Sun; J Xie; H Zhou,2024,,,,no_mv
google_scholar,https://arxiv.org/abs/1712.00654,Representation and reinforcement learning for personalized glycemic control in septic patients,WH Weng; M Gao; Z He; S Yan; P Szolovits,2017,,https://arxiv.org/abs/1712.00654,,no_weaning
google_scholar,The Importance of Modeling Patient State in Reinforcement Learning for Precision Medicine.”,The Importance of Modeling Patient State in Reinforcement Learning for Precision Medicine.”,BE Engelhardt; N Prasad; LF Cheng; C Chivers,2021,,,,"no_mv,no_weaning"
google_scholar,https://www.sciencedirect.com/science/article/pii/S0306437921001010,Electronic health records based reinforcement learning for treatment optimizing,T Li; Z Wang; W Lu; Q Zhang; D Li,2022,,https://www.sciencedirect.com/science/article/pii/S0306437921001010,,"no_mv,no_weaning"
google_scholar,https://www.sciencedirect.com/science/article/pii/S2772941924000589,Enhancing heart disease prediction with reinforcement learning and data augmentation,R Gayathri; SKB Sangeetha,2024,,https://www.sciencedirect.com/science/article/pii/S2772941924000589,,"no_mv,no_weaning"
google_scholar,https://www.sciencedirect.com/science/article/pii/S0933365724000538,Clinical knowledge-guided deep reinforcement learning for sepsis antibiotic dosing recommendations,Y Wang; A Liu; J Yang; L Wang; N Xiong,2024,,https://www.sciencedirect.com/science/article/pii/S0933365724000538,,"no_mv,no_weaning"
google_scholar,https://pmc.ncbi.nlm.nih.gov/articles/PMC12137509/,"Reinforcement learning for healthcare operations management: methodological framework, recent developments, and future research directions",Q Wu; J Han; Y Yan; YH Kuo,2025,,https://pmc.ncbi.nlm.nih.gov/articles/PMC12137509/,,"no_mv,no_weaning"
google_scholar,https://link.springer.com/article/10.1186/s40537-025-01215-5,Enhance differential privacy mechanisms for clinical data analysis using CNNs and reinforcement learning,R Batchala; P Jain; M Gyanchandani; S Shukla,2025,,https://link.springer.com/article/10.1186/s40537-025-01215-5,,no_weaning
google_scholar,https://pmc.ncbi.nlm.nih.gov/articles/PMC8378637/,Trajectory inspection: A method for iterative clinician-driven design of reinforcement learning studies,CX Ji; M Oberst; S Kanjilal,2021,,https://pmc.ncbi.nlm.nih.gov/articles/PMC8378637/,,no_mv
google_scholar,https://dl.acm.org/doi/abs/10.1145/3219819.3219961,Supervised reinforcement learning with recurrent neural network for dynamic treatment recommendation,L Wang; W Zhang; X He; H Zha,2018,,https://dl.acm.org/doi/abs/10.1145/3219819.3219961,,no_weaning
google_scholar,https://www.sciencedirect.com/science/article/pii/S0012369215511963,Pulmonary complications following lung resection: a comprehensive analysis of incidence and possible risk factors,F Steéphan; S Boucheseiche; J Hollande; A Flahault,2000,,https://www.sciencedirect.com/science/article/pii/S0012369215511963,,no_mv
google_scholar,https://pmc.ncbi.nlm.nih.gov/articles/PMC7233064/,Interpretable batch IRL to extract clinician goals in ICU hypotension management,S Srinivasan; F Doshi-Velez,2020,,https://pmc.ncbi.nlm.nih.gov/articles/PMC7233064/,,"no_mv,no_weaning"
google_scholar,https://pmc.ncbi.nlm.nih.gov/articles/PMC8075511/,Is deep reinforcement learning ready for practical applications in healthcare? A sensitivity analysis of duel-DDQN for hemodynamic management in sepsis patients,MY Lu; Z Shahn; D Sow; F Doshi-Velez,2021,,https://pmc.ncbi.nlm.nih.gov/articles/PMC8075511/,,"no_mv,no_weaning"
google_scholar,https://pmc.ncbi.nlm.nih.gov/articles/PMC7233066/,"Identifying distinct, effective treatments for acute hypotension with SODA-RL: safely optimized diverse accurate reinforcement learning",J Futoma; MA Masood,2020,,https://pmc.ncbi.nlm.nih.gov/articles/PMC7233066/,,no_weaning
google_scholar,https://pmc.ncbi.nlm.nih.gov/articles/PMC9748596/,Computer clinical decision support that automates personalized clinical care: a challenging but needed healthcare delivery strategy,AH Morris; C Horvat; B Stagg,2022,,https://pmc.ncbi.nlm.nih.gov/articles/PMC9748596/,,"no_mv,no_weaning"
google_scholar,https://www.criticalcare.theclinics.com/article/S0749-0704(24)00055-1/abstract,A Clinician's guide to understanding bias in critical clinical prediction models,J Matos; J Gallifant; A Chowdhury,2024,,https://www.criticalcare.theclinics.com/article/S0749-0704(24)00055-1/abstract,,no_weaning
google_scholar,https://www.nature.com/articles/s41591-018-0213-5,The artificial intelligence clinician learns optimal treatment strategies for sepsis in intensive care,M Komorowski; LA Celi; O Badawi; AC Gordon,2018,,https://www.nature.com/articles/s41591-018-0213-5,,no_weaning
google_scholar,Markov Decision Processes: Application to Treatment Planning,Markov Decision Processes: Application to Treatment Planning,M Baucum; A Khojandi,2022,,,,"no_mv,no_weaning"
google_scholar,https://www.perinatology.theclinics.com/article/S0095-5108(20)30042-7/abstract,Machine learning to support hemodynamic intervention in the neonatal intensive care unit,D Van Laere; M Meeus; C Beirnaert,2020,,https://www.perinatology.theclinics.com/article/S0095-5108(20)30042-7/abstract,,no_mv
openalex,https://openalex.org/W3006345215,Ethical Issues of Artificial Intelligence in Medicine,Tokio Matsuzaki,2018,,https://openalex.org/W3006345215,,"no_mv,no_weaning"
openalex,https://openalex.org/W4412321701,Fagligt notat angående etablering af en ordning vedrørende tilskud til investeringer i nye teknologier på økologiske bedrifter.,Michael Nørremark; Frank W Oudshoorn; Claus Aage Grøn Sørensen; Margit Bak Jensen; Peter T. Thomsen; Troels Kristensen; Ole Green; Jens Kristian Kristensen; Tavs Nyord; Bent Borg Jensen; Karin Hjelholt Jensen; Peter Lund; Jørn Nygaard Sørensen; Marianne G. Bertelsen; Lillie Andersen; Karen Koefoed Petersen; Carl‐Otto Ottosen,2011,,https://openalex.org/W4412321701,,"no_mv,no_weaning"
openalex,https://openalex.org/W3012372767,"The Value Driven Pharmacist: Basics of Access, Cost, and Quality 2nd Edition",Carriann Smith; Annette McFarland; Chad A. Knoderer; Joseph Jordan; Trish Devine; Jessica E. Wilhoite,2020,,https://openalex.org/W3012372767,,"no_mv,no_weaning"
arxiv,http://arxiv.org/abs/1905.13167v1,Defining Admissible Rewards for High Confidence Policy Evaluation,Niranjani Prasad; Barbara E Engelhardt; Finale Doshi-Velez,2019,,http://arxiv.org/abs/1905.13167v1,arXiv,"no_mv,no_weaning"
